Puzzle_ID,Model_Name,Run #,Is_Correct,
out_p01_vadversarial,Llama-2-70B-Chat,0,1,
out_p01_vadversarial,Llama-2-70B-Chat,1,0,
out_p01_vadversarial,Llama-2-70B-Chat,2,1,
out_p01_vadversarial,Llama-2-70B-Chat,3,0,
out_p01_vadversarial,Llama-2-70B-Chat,4,0,
out_p01_vadversarial,Llama-2-70B-Chat,5,0,
out_p01_vadversarial,Llama-2-70B-Chat,6,1,
out_p01_vadversarial,Llama-2-70B-Chat,7,1,
out_p01_vadversarial,Llama-2-70B-Chat,8,0,
out_p01_vadversarial,Llama-2-70B-Chat,9,0,
out_p01_vcommon,Llama-2-70B-Chat,0,1,
out_p01_vcommon,Llama-2-70B-Chat,1,1,
out_p01_vcommon,Llama-2-70B-Chat,2,1,
out_p01_vcommon,Llama-2-70B-Chat,3,1,
out_p01_vcommon,Llama-2-70B-Chat,4,1,
out_p01_vcommon,Llama-2-70B-Chat,5,1,
out_p01_vcommon,Llama-2-70B-Chat,6,1,
out_p01_vcommon,Llama-2-70B-Chat,7,1,
out_p01_vcommon,Llama-2-70B-Chat,8,1,
out_p01_vcommon,Llama-2-70B-Chat,9,1,
out_p01_vlinguistic_obfuscation,Llama-2-70B-Chat,0,0,
out_p01_vlinguistic_obfuscation,Llama-2-70B-Chat,1,0,
out_p01_vlinguistic_obfuscation,Llama-2-70B-Chat,2,0,
out_p01_vlinguistic_obfuscation,Llama-2-70B-Chat,3,0,
out_p01_vlinguistic_obfuscation,Llama-2-70B-Chat,4,0,
out_p01_vlinguistic_obfuscation,Llama-2-70B-Chat,5,0,
out_p01_vlinguistic_obfuscation,Llama-2-70B-Chat,6,0,
out_p01_vlinguistic_obfuscation,Llama-2-70B-Chat,7,0,
out_p01_vlinguistic_obfuscation,Llama-2-70B-Chat,8,1,
out_p01_vlinguistic_obfuscation,Llama-2-70B-Chat,9,0,
out_p01_vmath,Llama-2-70B-Chat,0,0,
out_p01_vmath,Llama-2-70B-Chat,1,0,
out_p01_vmath,Llama-2-70B-Chat,2,1,
out_p01_vmath,Llama-2-70B-Chat,3,1,
out_p01_vmath,Llama-2-70B-Chat,4,0,
out_p01_vmath,Llama-2-70B-Chat,5,0,
out_p01_vmath,Llama-2-70B-Chat,6,0,
out_p01_vmath,Llama-2-70B-Chat,7,1,
out_p01_vmath,Llama-2-70B-Chat,8,0,
out_p01_vmath,Llama-2-70B-Chat,9,0,
out_p01_vparametrization,Llama-2-70B-Chat,0,0,
out_p01_vparametrization,Llama-2-70B-Chat,1,0,
out_p01_vparametrization,Llama-2-70B-Chat,2,1,
out_p01_vparametrization,Llama-2-70B-Chat,3,0,
out_p01_vparametrization,Llama-2-70B-Chat,4,0,
out_p01_vparametrization,Llama-2-70B-Chat,5,1,
out_p01_vparametrization,Llama-2-70B-Chat,6,0,
out_p01_vparametrization,Llama-2-70B-Chat,7,1,
out_p01_vparametrization,Llama-2-70B-Chat,8,1,
out_p01_vparametrization,Llama-2-70B-Chat,9,0,
out_p02_vadversarial,Llama-2-70B-Chat,0,0,
out_p02_vadversarial,Llama-2-70B-Chat,1,1,
out_p02_vadversarial,Llama-2-70B-Chat,2,1,
out_p02_vadversarial,Llama-2-70B-Chat,3,0,
out_p02_vadversarial,Llama-2-70B-Chat,4,0,
out_p02_vadversarial,Llama-2-70B-Chat,5,1,
out_p02_vadversarial,Llama-2-70B-Chat,6,0,
out_p02_vadversarial,Llama-2-70B-Chat,7,0,
out_p02_vadversarial,Llama-2-70B-Chat,8,0,
out_p02_vadversarial,Llama-2-70B-Chat,9,0,
out_p02_vcommon,Llama-2-70B-Chat,0,0,
out_p02_vcommon,Llama-2-70B-Chat,1,0,
out_p02_vcommon,Llama-2-70B-Chat,2,0,
out_p02_vcommon,Llama-2-70B-Chat,3,0,
out_p02_vcommon,Llama-2-70B-Chat,4,0,
out_p02_vcommon,Llama-2-70B-Chat,5,0,
out_p02_vcommon,Llama-2-70B-Chat,6,0,
out_p02_vcommon,Llama-2-70B-Chat,7,0,
out_p02_vcommon,Llama-2-70B-Chat,8,1,
out_p02_vcommon,Llama-2-70B-Chat,9,0,
out_p02_vlinguistic_obfuscation,Llama-2-70B-Chat,0,1,
out_p02_vlinguistic_obfuscation,Llama-2-70B-Chat,1,0,
out_p02_vlinguistic_obfuscation,Llama-2-70B-Chat,2,0,
out_p02_vlinguistic_obfuscation,Llama-2-70B-Chat,3,0,
out_p02_vlinguistic_obfuscation,Llama-2-70B-Chat,4,0,
out_p02_vlinguistic_obfuscation,Llama-2-70B-Chat,5,0,
out_p02_vlinguistic_obfuscation,Llama-2-70B-Chat,6,0,
out_p02_vlinguistic_obfuscation,Llama-2-70B-Chat,7,1,
out_p02_vlinguistic_obfuscation,Llama-2-70B-Chat,8,0,
out_p02_vlinguistic_obfuscation,Llama-2-70B-Chat,9,1,
out_p02_vmath,Llama-2-70B-Chat,0,0,
out_p02_vmath,Llama-2-70B-Chat,1,0,
out_p02_vmath,Llama-2-70B-Chat,2,0,
out_p02_vmath,Llama-2-70B-Chat,3,0,
out_p02_vmath,Llama-2-70B-Chat,4,0,
out_p02_vmath,Llama-2-70B-Chat,5,0,
out_p02_vmath,Llama-2-70B-Chat,6,0,
out_p02_vmath,Llama-2-70B-Chat,7,0,
out_p02_vmath,Llama-2-70B-Chat,8,0,
out_p02_vmath,Llama-2-70B-Chat,9,0,
out_p02_vparametrization,Llama-2-70B-Chat,0,0,
out_p02_vparametrization,Llama-2-70B-Chat,1,1,
out_p02_vparametrization,Llama-2-70B-Chat,2,0,
out_p02_vparametrization,Llama-2-70B-Chat,3,1,
out_p02_vparametrization,Llama-2-70B-Chat,4,1,
out_p02_vparametrization,Llama-2-70B-Chat,5,1,
out_p02_vparametrization,Llama-2-70B-Chat,6,0,
out_p02_vparametrization,Llama-2-70B-Chat,7,1,
out_p02_vparametrization,Llama-2-70B-Chat,8,0,
out_p02_vparametrization,Llama-2-70B-Chat,9,0,
out_p03_vadversarial,Llama-2-70B-Chat,0,0,
out_p03_vadversarial,Llama-2-70B-Chat,1,0,
out_p03_vadversarial,Llama-2-70B-Chat,2,0,
out_p03_vadversarial,Llama-2-70B-Chat,3,0,
out_p03_vadversarial,Llama-2-70B-Chat,4,0,
out_p03_vadversarial,Llama-2-70B-Chat,5,0,
out_p03_vadversarial,Llama-2-70B-Chat,6,0,
out_p03_vadversarial,Llama-2-70B-Chat,7,0,
out_p03_vadversarial,Llama-2-70B-Chat,8,0,
out_p03_vadversarial,Llama-2-70B-Chat,9,0,
out_p03_vcommon,Llama-2-70B-Chat,0,0,
out_p03_vcommon,Llama-2-70B-Chat,1,0,
out_p03_vcommon,Llama-2-70B-Chat,2,0,
out_p03_vcommon,Llama-2-70B-Chat,3,0,
out_p03_vcommon,Llama-2-70B-Chat,4,0,
out_p03_vcommon,Llama-2-70B-Chat,5,0,
out_p03_vcommon,Llama-2-70B-Chat,6,0,
out_p03_vcommon,Llama-2-70B-Chat,7,0,
out_p03_vcommon,Llama-2-70B-Chat,8,0,
out_p03_vcommon,Llama-2-70B-Chat,9,0,
out_p03_vlinguistic_obfuscation,Llama-2-70B-Chat,0,0,
out_p03_vlinguistic_obfuscation,Llama-2-70B-Chat,1,0,
out_p03_vlinguistic_obfuscation,Llama-2-70B-Chat,2,0,
out_p03_vlinguistic_obfuscation,Llama-2-70B-Chat,3,0,
out_p03_vlinguistic_obfuscation,Llama-2-70B-Chat,4,0,
out_p03_vlinguistic_obfuscation,Llama-2-70B-Chat,5,0,
out_p03_vlinguistic_obfuscation,Llama-2-70B-Chat,6,0,
out_p03_vlinguistic_obfuscation,Llama-2-70B-Chat,7,0,
out_p03_vlinguistic_obfuscation,Llama-2-70B-Chat,8,0,
out_p03_vlinguistic_obfuscation,Llama-2-70B-Chat,9,0,
out_p03_vmath,Llama-2-70B-Chat,0,0,
out_p03_vmath,Llama-2-70B-Chat,1,0,
out_p03_vmath,Llama-2-70B-Chat,2,0,
out_p03_vmath,Llama-2-70B-Chat,3,0,
out_p03_vmath,Llama-2-70B-Chat,4,0,
out_p03_vmath,Llama-2-70B-Chat,5,0,
out_p03_vmath,Llama-2-70B-Chat,6,0,
out_p03_vmath,Llama-2-70B-Chat,7,1,
out_p03_vmath,Llama-2-70B-Chat,8,0,
out_p03_vmath,Llama-2-70B-Chat,9,1,
out_p03_vparametrization,Llama-2-70B-Chat,0,0,
out_p03_vparametrization,Llama-2-70B-Chat,1,0,
out_p03_vparametrization,Llama-2-70B-Chat,2,0,
out_p03_vparametrization,Llama-2-70B-Chat,3,0,
out_p03_vparametrization,Llama-2-70B-Chat,4,0,
out_p03_vparametrization,Llama-2-70B-Chat,5,0,
out_p03_vparametrization,Llama-2-70B-Chat,6,0,
out_p03_vparametrization,Llama-2-70B-Chat,7,0,
out_p03_vparametrization,Llama-2-70B-Chat,8,0,
out_p03_vparametrization,Llama-2-70B-Chat,9,0,
out_p04_vadversarial,Llama-2-70B-Chat,0,0,
out_p04_vadversarial,Llama-2-70B-Chat,1,0,
out_p04_vadversarial,Llama-2-70B-Chat,2,0,
out_p04_vadversarial,Llama-2-70B-Chat,3,0,
out_p04_vadversarial,Llama-2-70B-Chat,4,0,
out_p04_vadversarial,Llama-2-70B-Chat,5,0,
out_p04_vadversarial,Llama-2-70B-Chat,6,0,
out_p04_vadversarial,Llama-2-70B-Chat,7,0,
out_p04_vadversarial,Llama-2-70B-Chat,8,0,
out_p04_vadversarial,Llama-2-70B-Chat,9,0,
out_p04_vcommon,Llama-2-70B-Chat,0,0,
out_p04_vcommon,Llama-2-70B-Chat,1,0,
out_p04_vcommon,Llama-2-70B-Chat,2,0,
out_p04_vcommon,Llama-2-70B-Chat,3,0,
out_p04_vcommon,Llama-2-70B-Chat,4,0,
out_p04_vcommon,Llama-2-70B-Chat,5,0,
out_p04_vcommon,Llama-2-70B-Chat,6,0,
out_p04_vcommon,Llama-2-70B-Chat,7,0,
out_p04_vcommon,Llama-2-70B-Chat,8,0,
out_p04_vcommon,Llama-2-70B-Chat,9,0,
out_p04_vlinguistic_obfuscation,Llama-2-70B-Chat,0,0,
out_p04_vlinguistic_obfuscation,Llama-2-70B-Chat,1,0,
out_p04_vlinguistic_obfuscation,Llama-2-70B-Chat,2,0,
out_p04_vlinguistic_obfuscation,Llama-2-70B-Chat,3,0,
out_p04_vlinguistic_obfuscation,Llama-2-70B-Chat,4,0,
out_p04_vlinguistic_obfuscation,Llama-2-70B-Chat,5,0,
out_p04_vlinguistic_obfuscation,Llama-2-70B-Chat,6,0,
out_p04_vlinguistic_obfuscation,Llama-2-70B-Chat,7,0,
out_p04_vlinguistic_obfuscation,Llama-2-70B-Chat,8,0,
out_p04_vlinguistic_obfuscation,Llama-2-70B-Chat,9,0,
out_p04_vmath,Llama-2-70B-Chat,0,0,
out_p04_vmath,Llama-2-70B-Chat,1,0,
out_p04_vmath,Llama-2-70B-Chat,2,0,
out_p04_vmath,Llama-2-70B-Chat,3,0,
out_p04_vmath,Llama-2-70B-Chat,4,0,
out_p04_vmath,Llama-2-70B-Chat,5,0,
out_p04_vmath,Llama-2-70B-Chat,6,0,
out_p04_vmath,Llama-2-70B-Chat,7,0,
out_p04_vmath,Llama-2-70B-Chat,8,0,
out_p04_vmath,Llama-2-70B-Chat,9,0,
out_p04_vparametrization,Llama-2-70B-Chat,0,0,
out_p04_vparametrization,Llama-2-70B-Chat,1,0,
out_p04_vparametrization,Llama-2-70B-Chat,2,0,
out_p04_vparametrization,Llama-2-70B-Chat,3,0,
out_p04_vparametrization,Llama-2-70B-Chat,4,0,
out_p04_vparametrization,Llama-2-70B-Chat,5,0,
out_p04_vparametrization,Llama-2-70B-Chat,6,0,
out_p04_vparametrization,Llama-2-70B-Chat,7,0,
out_p04_vparametrization,Llama-2-70B-Chat,8,0,
out_p04_vparametrization,Llama-2-70B-Chat,9,0,
out_p05_vadversarial,Llama-2-70B-Chat,0,0,
out_p05_vadversarial,Llama-2-70B-Chat,1,0,
out_p05_vadversarial,Llama-2-70B-Chat,2,0,
out_p05_vadversarial,Llama-2-70B-Chat,3,0,
out_p05_vadversarial,Llama-2-70B-Chat,4,0,
out_p05_vadversarial,Llama-2-70B-Chat,5,0,
out_p05_vadversarial,Llama-2-70B-Chat,6,0,
out_p05_vadversarial,Llama-2-70B-Chat,7,0,
out_p05_vadversarial,Llama-2-70B-Chat,8,0,
out_p05_vadversarial,Llama-2-70B-Chat,9,0,
out_p05_vcommon,Llama-2-70B-Chat,0,0,
out_p05_vcommon,Llama-2-70B-Chat,1,0,
out_p05_vcommon,Llama-2-70B-Chat,2,0,
out_p05_vcommon,Llama-2-70B-Chat,3,0,
out_p05_vcommon,Llama-2-70B-Chat,4,0,
out_p05_vcommon,Llama-2-70B-Chat,5,0,
out_p05_vcommon,Llama-2-70B-Chat,6,0,
out_p05_vcommon,Llama-2-70B-Chat,7,0,
out_p05_vcommon,Llama-2-70B-Chat,8,0,
out_p05_vcommon,Llama-2-70B-Chat,9,0,
out_p05_vlinguistic_obfuscation,Llama-2-70B-Chat,0,0,
out_p05_vlinguistic_obfuscation,Llama-2-70B-Chat,1,0,
out_p05_vlinguistic_obfuscation,Llama-2-70B-Chat,2,0,
out_p05_vlinguistic_obfuscation,Llama-2-70B-Chat,3,0,
out_p05_vlinguistic_obfuscation,Llama-2-70B-Chat,4,0,
out_p05_vlinguistic_obfuscation,Llama-2-70B-Chat,5,0,
out_p05_vlinguistic_obfuscation,Llama-2-70B-Chat,6,0,
out_p05_vlinguistic_obfuscation,Llama-2-70B-Chat,7,0,
out_p05_vlinguistic_obfuscation,Llama-2-70B-Chat,8,0,
out_p05_vlinguistic_obfuscation,Llama-2-70B-Chat,9,0,
out_p05_vmath,Llama-2-70B-Chat,0,0,
out_p05_vmath,Llama-2-70B-Chat,1,0,
out_p05_vmath,Llama-2-70B-Chat,2,0,
out_p05_vmath,Llama-2-70B-Chat,3,0,
out_p05_vmath,Llama-2-70B-Chat,4,0,
out_p05_vmath,Llama-2-70B-Chat,5,1,
out_p05_vmath,Llama-2-70B-Chat,6,0,
out_p05_vmath,Llama-2-70B-Chat,7,0,
out_p05_vmath,Llama-2-70B-Chat,8,0,
out_p05_vmath,Llama-2-70B-Chat,9,0,
out_p05_vparametrization,Llama-2-70B-Chat,0,0,
out_p05_vparametrization,Llama-2-70B-Chat,1,0,
out_p05_vparametrization,Llama-2-70B-Chat,2,0,
out_p05_vparametrization,Llama-2-70B-Chat,3,0,
out_p05_vparametrization,Llama-2-70B-Chat,4,0,
out_p05_vparametrization,Llama-2-70B-Chat,5,0,
out_p05_vparametrization,Llama-2-70B-Chat,6,0,
out_p05_vparametrization,Llama-2-70B-Chat,7,0,
out_p05_vparametrization,Llama-2-70B-Chat,8,0,
out_p05_vparametrization,Llama-2-70B-Chat,9,0,
out_p06_vadversarial,Llama-2-70B-Chat,0,0,
out_p06_vadversarial,Llama-2-70B-Chat,1,0,
out_p06_vadversarial,Llama-2-70B-Chat,2,1,
out_p06_vadversarial,Llama-2-70B-Chat,3,0,
out_p06_vadversarial,Llama-2-70B-Chat,4,0,
out_p06_vadversarial,Llama-2-70B-Chat,5,0,
out_p06_vadversarial,Llama-2-70B-Chat,6,0,
out_p06_vadversarial,Llama-2-70B-Chat,7,0,
out_p06_vadversarial,Llama-2-70B-Chat,8,0,
out_p06_vadversarial,Llama-2-70B-Chat,9,0,
out_p06_vcommon,Llama-2-70B-Chat,0,0,
out_p06_vcommon,Llama-2-70B-Chat,1,0,
out_p06_vcommon,Llama-2-70B-Chat,2,0,
out_p06_vcommon,Llama-2-70B-Chat,3,0,
out_p06_vcommon,Llama-2-70B-Chat,4,0,
out_p06_vcommon,Llama-2-70B-Chat,5,0,
out_p06_vcommon,Llama-2-70B-Chat,6,0,
out_p06_vcommon,Llama-2-70B-Chat,7,0,
out_p06_vcommon,Llama-2-70B-Chat,8,0,
out_p06_vcommon,Llama-2-70B-Chat,9,0,
out_p06_vlinguistic_obfuscation,Llama-2-70B-Chat,0,0,
out_p06_vlinguistic_obfuscation,Llama-2-70B-Chat,1,0,
out_p06_vlinguistic_obfuscation,Llama-2-70B-Chat,2,0,
out_p06_vlinguistic_obfuscation,Llama-2-70B-Chat,3,0,
out_p06_vlinguistic_obfuscation,Llama-2-70B-Chat,4,0,
out_p06_vlinguistic_obfuscation,Llama-2-70B-Chat,5,0,
out_p06_vlinguistic_obfuscation,Llama-2-70B-Chat,6,0,
out_p06_vlinguistic_obfuscation,Llama-2-70B-Chat,7,0,
out_p06_vlinguistic_obfuscation,Llama-2-70B-Chat,8,0,
out_p06_vlinguistic_obfuscation,Llama-2-70B-Chat,9,0,
out_p06_vmath,Llama-2-70B-Chat,0,0,
out_p06_vmath,Llama-2-70B-Chat,1,0,
out_p06_vmath,Llama-2-70B-Chat,2,0,
out_p06_vmath,Llama-2-70B-Chat,3,0,
out_p06_vmath,Llama-2-70B-Chat,4,0,
out_p06_vmath,Llama-2-70B-Chat,5,0,
out_p06_vmath,Llama-2-70B-Chat,6,0,
out_p06_vmath,Llama-2-70B-Chat,7,0,
out_p06_vmath,Llama-2-70B-Chat,8,0,
out_p06_vmath,Llama-2-70B-Chat,9,0,
out_p06_vparametrization,Llama-2-70B-Chat,0,0,
out_p06_vparametrization,Llama-2-70B-Chat,1,0,
out_p06_vparametrization,Llama-2-70B-Chat,2,0,
out_p06_vparametrization,Llama-2-70B-Chat,3,0,
out_p06_vparametrization,Llama-2-70B-Chat,4,0,
out_p06_vparametrization,Llama-2-70B-Chat,5,0,
out_p06_vparametrization,Llama-2-70B-Chat,6,0,
out_p06_vparametrization,Llama-2-70B-Chat,7,0,
out_p06_vparametrization,Llama-2-70B-Chat,8,0,
out_p06_vparametrization,Llama-2-70B-Chat,9,0,
out_p07_vadversarial,Llama-2-70B-Chat,0,0,
out_p07_vadversarial,Llama-2-70B-Chat,1,0,
out_p07_vadversarial,Llama-2-70B-Chat,2,0,
out_p07_vadversarial,Llama-2-70B-Chat,3,0,
out_p07_vadversarial,Llama-2-70B-Chat,4,0,
out_p07_vadversarial,Llama-2-70B-Chat,5,0,
out_p07_vadversarial,Llama-2-70B-Chat,6,0,
out_p07_vadversarial,Llama-2-70B-Chat,7,0,
out_p07_vadversarial,Llama-2-70B-Chat,8,0,
out_p07_vadversarial,Llama-2-70B-Chat,9,0,
out_p07_vcommon,Llama-2-70B-Chat,0,0,
out_p07_vcommon,Llama-2-70B-Chat,1,0,
out_p07_vcommon,Llama-2-70B-Chat,2,0,
out_p07_vcommon,Llama-2-70B-Chat,3,0,
out_p07_vcommon,Llama-2-70B-Chat,4,0,
out_p07_vcommon,Llama-2-70B-Chat,5,0,
out_p07_vcommon,Llama-2-70B-Chat,6,1,
out_p07_vcommon,Llama-2-70B-Chat,7,0,
out_p07_vcommon,Llama-2-70B-Chat,8,1,
out_p07_vcommon,Llama-2-70B-Chat,9,0,
out_p07_vlinguistic_obfuscation,Llama-2-70B-Chat,0,0,
out_p07_vlinguistic_obfuscation,Llama-2-70B-Chat,1,0,
out_p07_vlinguistic_obfuscation,Llama-2-70B-Chat,2,0,
out_p07_vlinguistic_obfuscation,Llama-2-70B-Chat,3,1,
out_p07_vlinguistic_obfuscation,Llama-2-70B-Chat,4,0,
out_p07_vlinguistic_obfuscation,Llama-2-70B-Chat,5,0,
out_p07_vlinguistic_obfuscation,Llama-2-70B-Chat,6,0,
out_p07_vlinguistic_obfuscation,Llama-2-70B-Chat,7,0,
out_p07_vlinguistic_obfuscation,Llama-2-70B-Chat,8,0,
out_p07_vlinguistic_obfuscation,Llama-2-70B-Chat,9,0,
out_p07_vmath,Llama-2-70B-Chat,0,0,
out_p07_vmath,Llama-2-70B-Chat,1,0,
out_p07_vmath,Llama-2-70B-Chat,2,0,
out_p07_vmath,Llama-2-70B-Chat,3,0,
out_p07_vmath,Llama-2-70B-Chat,4,0,
out_p07_vmath,Llama-2-70B-Chat,5,0,
out_p07_vmath,Llama-2-70B-Chat,6,0,
out_p07_vmath,Llama-2-70B-Chat,7,0,
out_p07_vmath,Llama-2-70B-Chat,8,0,
out_p07_vmath,Llama-2-70B-Chat,9,0,
out_p07_vparametrization,Llama-2-70B-Chat,0,0,
out_p07_vparametrization,Llama-2-70B-Chat,1,0,
out_p07_vparametrization,Llama-2-70B-Chat,2,0,
out_p07_vparametrization,Llama-2-70B-Chat,3,0,
out_p07_vparametrization,Llama-2-70B-Chat,4,0,
out_p07_vparametrization,Llama-2-70B-Chat,5,0,
out_p07_vparametrization,Llama-2-70B-Chat,6,0,
out_p07_vparametrization,Llama-2-70B-Chat,7,0,
out_p07_vparametrization,Llama-2-70B-Chat,8,0,
out_p07_vparametrization,Llama-2-70B-Chat,9,0,
out_p08_vadversarial,Llama-2-70B-Chat,0,0,
out_p08_vadversarial,Llama-2-70B-Chat,1,0,
out_p08_vadversarial,Llama-2-70B-Chat,2,0,
out_p08_vadversarial,Llama-2-70B-Chat,3,0,
out_p08_vadversarial,Llama-2-70B-Chat,4,0,
out_p08_vadversarial,Llama-2-70B-Chat,5,0,
out_p08_vadversarial,Llama-2-70B-Chat,6,0,
out_p08_vadversarial,Llama-2-70B-Chat,7,0,
out_p08_vadversarial,Llama-2-70B-Chat,8,0,
out_p08_vadversarial,Llama-2-70B-Chat,9,0,
out_p08_vcommon,Llama-2-70B-Chat,0,1,
out_p08_vcommon,Llama-2-70B-Chat,1,1,
out_p08_vcommon,Llama-2-70B-Chat,2,1,
out_p08_vcommon,Llama-2-70B-Chat,3,0,
out_p08_vcommon,Llama-2-70B-Chat,4,0,
out_p08_vcommon,Llama-2-70B-Chat,5,0,
out_p08_vcommon,Llama-2-70B-Chat,6,1,
out_p08_vcommon,Llama-2-70B-Chat,7,0,
out_p08_vcommon,Llama-2-70B-Chat,8,1,
out_p08_vcommon,Llama-2-70B-Chat,9,1,
out_p08_vlinguistic_obfuscation,Llama-2-70B-Chat,0,0,
out_p08_vlinguistic_obfuscation,Llama-2-70B-Chat,1,0,
out_p08_vlinguistic_obfuscation,Llama-2-70B-Chat,2,1,
out_p08_vlinguistic_obfuscation,Llama-2-70B-Chat,3,0,
out_p08_vlinguistic_obfuscation,Llama-2-70B-Chat,4,1,
out_p08_vlinguistic_obfuscation,Llama-2-70B-Chat,5,0,
out_p08_vlinguistic_obfuscation,Llama-2-70B-Chat,6,0,
out_p08_vlinguistic_obfuscation,Llama-2-70B-Chat,7,1,
out_p08_vlinguistic_obfuscation,Llama-2-70B-Chat,8,1,
out_p08_vlinguistic_obfuscation,Llama-2-70B-Chat,9,0,
out_p08_vmath,Llama-2-70B-Chat,0,1,
out_p08_vmath,Llama-2-70B-Chat,1,1,
out_p08_vmath,Llama-2-70B-Chat,2,1,
out_p08_vmath,Llama-2-70B-Chat,3,1,
out_p08_vmath,Llama-2-70B-Chat,4,0,
out_p08_vmath,Llama-2-70B-Chat,5,1,
out_p08_vmath,Llama-2-70B-Chat,6,1,
out_p08_vmath,Llama-2-70B-Chat,7,1,
out_p08_vmath,Llama-2-70B-Chat,8,1,
out_p08_vmath,Llama-2-70B-Chat,9,1,
out_p08_vparametrization,Llama-2-70B-Chat,0,0,
out_p08_vparametrization,Llama-2-70B-Chat,1,0,
out_p08_vparametrization,Llama-2-70B-Chat,2,0,
out_p08_vparametrization,Llama-2-70B-Chat,3,0,
out_p08_vparametrization,Llama-2-70B-Chat,4,0,
out_p08_vparametrization,Llama-2-70B-Chat,5,0,
out_p08_vparametrization,Llama-2-70B-Chat,6,0,
out_p08_vparametrization,Llama-2-70B-Chat,7,0,
out_p08_vparametrization,Llama-2-70B-Chat,8,0,
out_p08_vparametrization,Llama-2-70B-Chat,9,0,
out_p09_vadversarial,Llama-2-70B-Chat,0,0,
out_p09_vadversarial,Llama-2-70B-Chat,1,0,
out_p09_vadversarial,Llama-2-70B-Chat,2,0,
out_p09_vadversarial,Llama-2-70B-Chat,3,0,
out_p09_vadversarial,Llama-2-70B-Chat,4,0,
out_p09_vadversarial,Llama-2-70B-Chat,5,0,
out_p09_vadversarial,Llama-2-70B-Chat,6,0,
out_p09_vadversarial,Llama-2-70B-Chat,7,0,
out_p09_vadversarial,Llama-2-70B-Chat,8,0,
out_p09_vadversarial,Llama-2-70B-Chat,9,0,
out_p09_vcommon,Llama-2-70B-Chat,0,0,
out_p09_vcommon,Llama-2-70B-Chat,1,0,
out_p09_vcommon,Llama-2-70B-Chat,2,0,
out_p09_vcommon,Llama-2-70B-Chat,3,0,
out_p09_vcommon,Llama-2-70B-Chat,4,0,
out_p09_vcommon,Llama-2-70B-Chat,5,0,
out_p09_vcommon,Llama-2-70B-Chat,6,0,
out_p09_vcommon,Llama-2-70B-Chat,7,0,
out_p09_vcommon,Llama-2-70B-Chat,8,0,
out_p09_vcommon,Llama-2-70B-Chat,9,0,
out_p09_vlinguistic_obfuscation,Llama-2-70B-Chat,0,0,
out_p09_vlinguistic_obfuscation,Llama-2-70B-Chat,1,0,
out_p09_vlinguistic_obfuscation,Llama-2-70B-Chat,2,0,
out_p09_vlinguistic_obfuscation,Llama-2-70B-Chat,3,0,
out_p09_vlinguistic_obfuscation,Llama-2-70B-Chat,4,0,
out_p09_vlinguistic_obfuscation,Llama-2-70B-Chat,5,0,
out_p09_vlinguistic_obfuscation,Llama-2-70B-Chat,6,0,
out_p09_vlinguistic_obfuscation,Llama-2-70B-Chat,7,0,
out_p09_vlinguistic_obfuscation,Llama-2-70B-Chat,8,0,
out_p09_vlinguistic_obfuscation,Llama-2-70B-Chat,9,0,
out_p09_vmath,Llama-2-70B-Chat,0,0,
out_p09_vmath,Llama-2-70B-Chat,1,0,
out_p09_vmath,Llama-2-70B-Chat,2,0,
out_p09_vmath,Llama-2-70B-Chat,3,0,
out_p09_vmath,Llama-2-70B-Chat,4,0,
out_p09_vmath,Llama-2-70B-Chat,5,0,
out_p09_vmath,Llama-2-70B-Chat,6,0,
out_p09_vmath,Llama-2-70B-Chat,7,0,
out_p09_vmath,Llama-2-70B-Chat,8,0,
out_p09_vmath,Llama-2-70B-Chat,9,0,
out_p09_vparametrization,Llama-2-70B-Chat,0,0,
out_p09_vparametrization,Llama-2-70B-Chat,1,0,
out_p09_vparametrization,Llama-2-70B-Chat,2,0,
out_p09_vparametrization,Llama-2-70B-Chat,3,0,
out_p09_vparametrization,Llama-2-70B-Chat,4,0,
out_p09_vparametrization,Llama-2-70B-Chat,5,0,
out_p09_vparametrization,Llama-2-70B-Chat,6,0,
out_p09_vparametrization,Llama-2-70B-Chat,7,0,
out_p09_vparametrization,Llama-2-70B-Chat,8,0,
out_p09_vparametrization,Llama-2-70B-Chat,9,0,
out_p10_vadversarial,Llama-2-70B-Chat,0,0,
out_p10_vadversarial,Llama-2-70B-Chat,1,0,
out_p10_vadversarial,Llama-2-70B-Chat,2,0,
out_p10_vadversarial,Llama-2-70B-Chat,3,0,
out_p10_vadversarial,Llama-2-70B-Chat,4,0,
out_p10_vadversarial,Llama-2-70B-Chat,5,0,
out_p10_vadversarial,Llama-2-70B-Chat,6,0,
out_p10_vadversarial,Llama-2-70B-Chat,7,0,
out_p10_vadversarial,Llama-2-70B-Chat,8,0,
out_p10_vadversarial,Llama-2-70B-Chat,9,0,
out_p10_vcommon,Llama-2-70B-Chat,0,0,
out_p10_vcommon,Llama-2-70B-Chat,1,0,
out_p10_vcommon,Llama-2-70B-Chat,2,0,
out_p10_vcommon,Llama-2-70B-Chat,3,0,
out_p10_vcommon,Llama-2-70B-Chat,4,0,
out_p10_vcommon,Llama-2-70B-Chat,5,0,
out_p10_vcommon,Llama-2-70B-Chat,6,0,
out_p10_vcommon,Llama-2-70B-Chat,7,0,
out_p10_vcommon,Llama-2-70B-Chat,8,0,
out_p10_vcommon,Llama-2-70B-Chat,9,0,
out_p10_vlinguistic_obfuscation,Llama-2-70B-Chat,0,0,
out_p10_vlinguistic_obfuscation,Llama-2-70B-Chat,1,0,
out_p10_vlinguistic_obfuscation,Llama-2-70B-Chat,2,0,
out_p10_vlinguistic_obfuscation,Llama-2-70B-Chat,3,0,
out_p10_vlinguistic_obfuscation,Llama-2-70B-Chat,4,0,
out_p10_vlinguistic_obfuscation,Llama-2-70B-Chat,5,0,
out_p10_vlinguistic_obfuscation,Llama-2-70B-Chat,6,0,
out_p10_vlinguistic_obfuscation,Llama-2-70B-Chat,7,0,
out_p10_vlinguistic_obfuscation,Llama-2-70B-Chat,8,0,
out_p10_vlinguistic_obfuscation,Llama-2-70B-Chat,9,0,
out_p10_vmath,Llama-2-70B-Chat,0,0,
out_p10_vmath,Llama-2-70B-Chat,1,0,
out_p10_vmath,Llama-2-70B-Chat,2,0,
out_p10_vmath,Llama-2-70B-Chat,3,0,
out_p10_vmath,Llama-2-70B-Chat,4,0,
out_p10_vmath,Llama-2-70B-Chat,5,0,
out_p10_vmath,Llama-2-70B-Chat,6,0,
out_p10_vmath,Llama-2-70B-Chat,7,0,
out_p10_vmath,Llama-2-70B-Chat,8,0,
out_p10_vmath,Llama-2-70B-Chat,9,0,
out_p10_vparametrization,Llama-2-70B-Chat,0,0,
out_p10_vparametrization,Llama-2-70B-Chat,1,0,
out_p10_vparametrization,Llama-2-70B-Chat,2,0,
out_p10_vparametrization,Llama-2-70B-Chat,3,0,
out_p10_vparametrization,Llama-2-70B-Chat,4,0,
out_p10_vparametrization,Llama-2-70B-Chat,5,0,
out_p10_vparametrization,Llama-2-70B-Chat,6,0,
out_p10_vparametrization,Llama-2-70B-Chat,7,0,
out_p10_vparametrization,Llama-2-70B-Chat,8,0,
out_p10_vparametrization,Llama-2-70B-Chat,9,0,
out_p11_vadversarial,Llama-2-70B-Chat,0,0,
out_p11_vadversarial,Llama-2-70B-Chat,1,0,
out_p11_vadversarial,Llama-2-70B-Chat,2,0,
out_p11_vadversarial,Llama-2-70B-Chat,3,0,
out_p11_vadversarial,Llama-2-70B-Chat,4,0,
out_p11_vadversarial,Llama-2-70B-Chat,5,0,
out_p11_vadversarial,Llama-2-70B-Chat,6,0,
out_p11_vadversarial,Llama-2-70B-Chat,7,0,
out_p11_vadversarial,Llama-2-70B-Chat,8,0,
out_p11_vadversarial,Llama-2-70B-Chat,9,0,
out_p11_vcommon,Llama-2-70B-Chat,0,0,
out_p11_vcommon,Llama-2-70B-Chat,1,0,
out_p11_vcommon,Llama-2-70B-Chat,2,0,
out_p11_vcommon,Llama-2-70B-Chat,3,0,
out_p11_vcommon,Llama-2-70B-Chat,4,0,
out_p11_vcommon,Llama-2-70B-Chat,5,0,
out_p11_vcommon,Llama-2-70B-Chat,6,0,
out_p11_vcommon,Llama-2-70B-Chat,7,0,
out_p11_vcommon,Llama-2-70B-Chat,8,0,
out_p11_vcommon,Llama-2-70B-Chat,9,0,
out_p11_vlinguistic_obfuscation,Llama-2-70B-Chat,0,0,
out_p11_vlinguistic_obfuscation,Llama-2-70B-Chat,1,0,
out_p11_vlinguistic_obfuscation,Llama-2-70B-Chat,2,0,
out_p11_vlinguistic_obfuscation,Llama-2-70B-Chat,3,0,
out_p11_vlinguistic_obfuscation,Llama-2-70B-Chat,4,0,
out_p11_vlinguistic_obfuscation,Llama-2-70B-Chat,5,0,
out_p11_vlinguistic_obfuscation,Llama-2-70B-Chat,6,0,
out_p11_vlinguistic_obfuscation,Llama-2-70B-Chat,7,0,
out_p11_vlinguistic_obfuscation,Llama-2-70B-Chat,8,0,
out_p11_vlinguistic_obfuscation,Llama-2-70B-Chat,9,0,
out_p11_vmath,Llama-2-70B-Chat,0,0,
out_p11_vmath,Llama-2-70B-Chat,1,0,
out_p11_vmath,Llama-2-70B-Chat,2,0,
out_p11_vmath,Llama-2-70B-Chat,3,0,
out_p11_vmath,Llama-2-70B-Chat,4,0,
out_p11_vmath,Llama-2-70B-Chat,5,0,
out_p11_vmath,Llama-2-70B-Chat,6,0,
out_p11_vmath,Llama-2-70B-Chat,7,0,
out_p11_vmath,Llama-2-70B-Chat,8,0,
out_p11_vmath,Llama-2-70B-Chat,9,0,
out_p11_vparametrization,Llama-2-70B-Chat,0,0,
out_p11_vparametrization,Llama-2-70B-Chat,1,0,
out_p11_vparametrization,Llama-2-70B-Chat,2,0,
out_p11_vparametrization,Llama-2-70B-Chat,3,0,
out_p11_vparametrization,Llama-2-70B-Chat,4,0,
out_p11_vparametrization,Llama-2-70B-Chat,5,0,
out_p11_vparametrization,Llama-2-70B-Chat,6,0,
out_p11_vparametrization,Llama-2-70B-Chat,7,0,
out_p11_vparametrization,Llama-2-70B-Chat,8,0,
out_p11_vparametrization,Llama-2-70B-Chat,9,0,
out_p12_vadversarial,Llama-2-70B-Chat,0,0,
out_p12_vadversarial,Llama-2-70B-Chat,1,0,
out_p12_vadversarial,Llama-2-70B-Chat,2,1,
out_p12_vadversarial,Llama-2-70B-Chat,3,1,
out_p12_vadversarial,Llama-2-70B-Chat,4,0,
out_p12_vadversarial,Llama-2-70B-Chat,5,1,
out_p12_vadversarial,Llama-2-70B-Chat,6,1,
out_p12_vadversarial,Llama-2-70B-Chat,7,0,
out_p12_vadversarial,Llama-2-70B-Chat,8,0,
out_p12_vadversarial,Llama-2-70B-Chat,9,0,
out_p12_vcommon,Llama-2-70B-Chat,0,1,
out_p12_vcommon,Llama-2-70B-Chat,1,1,
out_p12_vcommon,Llama-2-70B-Chat,2,0,
out_p12_vcommon,Llama-2-70B-Chat,3,0,
out_p12_vcommon,Llama-2-70B-Chat,4,0,
out_p12_vcommon,Llama-2-70B-Chat,5,1,
out_p12_vcommon,Llama-2-70B-Chat,6,0,
out_p12_vcommon,Llama-2-70B-Chat,7,1,
out_p12_vcommon,Llama-2-70B-Chat,8,0,
out_p12_vcommon,Llama-2-70B-Chat,9,0,
out_p12_vlinguistic_obfuscation,Llama-2-70B-Chat,0,1,
out_p12_vlinguistic_obfuscation,Llama-2-70B-Chat,1,0,
out_p12_vlinguistic_obfuscation,Llama-2-70B-Chat,2,1,
out_p12_vlinguistic_obfuscation,Llama-2-70B-Chat,3,0,
out_p12_vlinguistic_obfuscation,Llama-2-70B-Chat,4,0,
out_p12_vlinguistic_obfuscation,Llama-2-70B-Chat,5,0,
out_p12_vlinguistic_obfuscation,Llama-2-70B-Chat,6,1,
out_p12_vlinguistic_obfuscation,Llama-2-70B-Chat,7,1,
out_p12_vlinguistic_obfuscation,Llama-2-70B-Chat,8,1,
out_p12_vlinguistic_obfuscation,Llama-2-70B-Chat,9,0,
out_p12_vmath,Llama-2-70B-Chat,0,1,
out_p12_vmath,Llama-2-70B-Chat,1,1,
out_p12_vmath,Llama-2-70B-Chat,2,1,
out_p12_vmath,Llama-2-70B-Chat,3,1,
out_p12_vmath,Llama-2-70B-Chat,4,1,
out_p12_vmath,Llama-2-70B-Chat,5,0,
out_p12_vmath,Llama-2-70B-Chat,6,1,
out_p12_vmath,Llama-2-70B-Chat,7,1,
out_p12_vmath,Llama-2-70B-Chat,8,1,
out_p12_vmath,Llama-2-70B-Chat,9,1,
out_p12_vparametrization,Llama-2-70B-Chat,0,0,
out_p12_vparametrization,Llama-2-70B-Chat,1,0,
out_p12_vparametrization,Llama-2-70B-Chat,2,1,
out_p12_vparametrization,Llama-2-70B-Chat,3,1,
out_p12_vparametrization,Llama-2-70B-Chat,4,1,
out_p12_vparametrization,Llama-2-70B-Chat,5,1,
out_p12_vparametrization,Llama-2-70B-Chat,6,1,
out_p12_vparametrization,Llama-2-70B-Chat,7,0,
out_p12_vparametrization,Llama-2-70B-Chat,8,1,
out_p12_vparametrization,Llama-2-70B-Chat,9,1,
out_p13_vadversarial,Llama-2-70B-Chat,0,0,
out_p13_vadversarial,Llama-2-70B-Chat,1,0,
out_p13_vadversarial,Llama-2-70B-Chat,2,0,
out_p13_vadversarial,Llama-2-70B-Chat,3,0,
out_p13_vadversarial,Llama-2-70B-Chat,4,0,
out_p13_vadversarial,Llama-2-70B-Chat,5,0,
out_p13_vadversarial,Llama-2-70B-Chat,6,0,
out_p13_vadversarial,Llama-2-70B-Chat,7,1,
out_p13_vadversarial,Llama-2-70B-Chat,8,0,
out_p13_vadversarial,Llama-2-70B-Chat,9,0,
out_p13_vcommon,Llama-2-70B-Chat,0,0,
out_p13_vcommon,Llama-2-70B-Chat,1,0,
out_p13_vcommon,Llama-2-70B-Chat,2,0,
out_p13_vcommon,Llama-2-70B-Chat,3,1,
out_p13_vcommon,Llama-2-70B-Chat,4,0,
out_p13_vcommon,Llama-2-70B-Chat,5,0,
out_p13_vcommon,Llama-2-70B-Chat,6,0,
out_p13_vcommon,Llama-2-70B-Chat,7,0,
out_p13_vcommon,Llama-2-70B-Chat,8,0,
out_p13_vcommon,Llama-2-70B-Chat,9,0,
out_p13_vlinguistic_obfuscation,Llama-2-70B-Chat,0,0,
out_p13_vlinguistic_obfuscation,Llama-2-70B-Chat,1,1,
out_p13_vlinguistic_obfuscation,Llama-2-70B-Chat,2,0,
out_p13_vlinguistic_obfuscation,Llama-2-70B-Chat,3,0,
out_p13_vlinguistic_obfuscation,Llama-2-70B-Chat,4,0,
out_p13_vlinguistic_obfuscation,Llama-2-70B-Chat,5,1,
out_p13_vlinguistic_obfuscation,Llama-2-70B-Chat,6,0,
out_p13_vlinguistic_obfuscation,Llama-2-70B-Chat,7,0,
out_p13_vlinguistic_obfuscation,Llama-2-70B-Chat,8,0,
out_p13_vlinguistic_obfuscation,Llama-2-70B-Chat,9,1,
out_p13_vmath,Llama-2-70B-Chat,0,1,
out_p13_vmath,Llama-2-70B-Chat,1,1,
out_p13_vmath,Llama-2-70B-Chat,2,0,
out_p13_vmath,Llama-2-70B-Chat,3,0,
out_p13_vmath,Llama-2-70B-Chat,4,1,
out_p13_vmath,Llama-2-70B-Chat,5,1,
out_p13_vmath,Llama-2-70B-Chat,6,0,
out_p13_vmath,Llama-2-70B-Chat,7,1,
out_p13_vmath,Llama-2-70B-Chat,8,0,
out_p13_vmath,Llama-2-70B-Chat,9,0,
out_p13_vparametrization,Llama-2-70B-Chat,0,0,
out_p13_vparametrization,Llama-2-70B-Chat,1,0,
out_p13_vparametrization,Llama-2-70B-Chat,2,1,*
out_p13_vparametrization,Llama-2-70B-Chat,3,0,
out_p13_vparametrization,Llama-2-70B-Chat,4,0,
out_p13_vparametrization,Llama-2-70B-Chat,5,0,
out_p13_vparametrization,Llama-2-70B-Chat,6,0,
out_p13_vparametrization,Llama-2-70B-Chat,7,0,
out_p13_vparametrization,Llama-2-70B-Chat,8,0,
out_p13_vparametrization,Llama-2-70B-Chat,9,0,
out_p14_vadversarial,Llama-2-70B-Chat,0,0,
out_p14_vadversarial,Llama-2-70B-Chat,1,0,
out_p14_vadversarial,Llama-2-70B-Chat,2,0,
out_p14_vadversarial,Llama-2-70B-Chat,3,0,
out_p14_vadversarial,Llama-2-70B-Chat,4,0,
out_p14_vadversarial,Llama-2-70B-Chat,5,0,
out_p14_vadversarial,Llama-2-70B-Chat,6,0,
out_p14_vadversarial,Llama-2-70B-Chat,7,0,
out_p14_vadversarial,Llama-2-70B-Chat,8,0,
out_p14_vadversarial,Llama-2-70B-Chat,9,0,
out_p14_vcommon,Llama-2-70B-Chat,0,0,
out_p14_vcommon,Llama-2-70B-Chat,1,0,
out_p14_vcommon,Llama-2-70B-Chat,2,0,
out_p14_vcommon,Llama-2-70B-Chat,3,0,
out_p14_vcommon,Llama-2-70B-Chat,4,0,
out_p14_vcommon,Llama-2-70B-Chat,5,0,
out_p14_vcommon,Llama-2-70B-Chat,6,0,
out_p14_vcommon,Llama-2-70B-Chat,7,0,
out_p14_vcommon,Llama-2-70B-Chat,8,0,
out_p14_vcommon,Llama-2-70B-Chat,9,0,
out_p14_vlinguistic_obfuscation,Llama-2-70B-Chat,0,0,
out_p14_vlinguistic_obfuscation,Llama-2-70B-Chat,1,0,
out_p14_vlinguistic_obfuscation,Llama-2-70B-Chat,2,0,
out_p14_vlinguistic_obfuscation,Llama-2-70B-Chat,3,0,
out_p14_vlinguistic_obfuscation,Llama-2-70B-Chat,4,0,
out_p14_vlinguistic_obfuscation,Llama-2-70B-Chat,5,0,
out_p14_vlinguistic_obfuscation,Llama-2-70B-Chat,6,0,
out_p14_vlinguistic_obfuscation,Llama-2-70B-Chat,7,0,
out_p14_vlinguistic_obfuscation,Llama-2-70B-Chat,8,0,
out_p14_vlinguistic_obfuscation,Llama-2-70B-Chat,9,0,
out_p14_vmath,Llama-2-70B-Chat,0,0,
out_p14_vmath,Llama-2-70B-Chat,1,0,
out_p14_vmath,Llama-2-70B-Chat,2,0,
out_p14_vmath,Llama-2-70B-Chat,3,0,
out_p14_vmath,Llama-2-70B-Chat,4,0,
out_p14_vmath,Llama-2-70B-Chat,5,0,
out_p14_vmath,Llama-2-70B-Chat,6,0,
out_p14_vmath,Llama-2-70B-Chat,7,0,
out_p14_vmath,Llama-2-70B-Chat,8,0,
out_p14_vmath,Llama-2-70B-Chat,9,0,
out_p14_vparametrization,Llama-2-70B-Chat,0,0,
out_p14_vparametrization,Llama-2-70B-Chat,1,0,
out_p14_vparametrization,Llama-2-70B-Chat,2,0,
out_p14_vparametrization,Llama-2-70B-Chat,3,0,
out_p14_vparametrization,Llama-2-70B-Chat,4,0,
out_p14_vparametrization,Llama-2-70B-Chat,5,0,
out_p14_vparametrization,Llama-2-70B-Chat,6,0,
out_p14_vparametrization,Llama-2-70B-Chat,7,0,
out_p14_vparametrization,Llama-2-70B-Chat,8,0,
out_p14_vparametrization,Llama-2-70B-Chat,9,0,
out_p15_vadversarial,Llama-2-70B-Chat,0,0,
out_p15_vadversarial,Llama-2-70B-Chat,1,0,
out_p15_vadversarial,Llama-2-70B-Chat,2,0,
out_p15_vadversarial,Llama-2-70B-Chat,3,0,
out_p15_vadversarial,Llama-2-70B-Chat,4,0,
out_p15_vadversarial,Llama-2-70B-Chat,5,0,
out_p15_vadversarial,Llama-2-70B-Chat,6,0,
out_p15_vadversarial,Llama-2-70B-Chat,7,0,
out_p15_vadversarial,Llama-2-70B-Chat,8,0,
out_p15_vadversarial,Llama-2-70B-Chat,9,0,
out_p15_vcommon,Llama-2-70B-Chat,0,0,
out_p15_vcommon,Llama-2-70B-Chat,1,0,
out_p15_vcommon,Llama-2-70B-Chat,2,0,
out_p15_vcommon,Llama-2-70B-Chat,3,0,
out_p15_vcommon,Llama-2-70B-Chat,4,1,
out_p15_vcommon,Llama-2-70B-Chat,5,0,
out_p15_vcommon,Llama-2-70B-Chat,6,0,
out_p15_vcommon,Llama-2-70B-Chat,7,0,
out_p15_vcommon,Llama-2-70B-Chat,8,0,
out_p15_vcommon,Llama-2-70B-Chat,9,1,
out_p15_vlinguistic_obfuscation,Llama-2-70B-Chat,0,0,
out_p15_vlinguistic_obfuscation,Llama-2-70B-Chat,1,0,
out_p15_vlinguistic_obfuscation,Llama-2-70B-Chat,2,0,
out_p15_vlinguistic_obfuscation,Llama-2-70B-Chat,3,1,
out_p15_vlinguistic_obfuscation,Llama-2-70B-Chat,4,0,
out_p15_vlinguistic_obfuscation,Llama-2-70B-Chat,5,0,
out_p15_vlinguistic_obfuscation,Llama-2-70B-Chat,6,0,
out_p15_vlinguistic_obfuscation,Llama-2-70B-Chat,7,0,
out_p15_vlinguistic_obfuscation,Llama-2-70B-Chat,8,0,
out_p15_vlinguistic_obfuscation,Llama-2-70B-Chat,9,0,
out_p15_vmath,Llama-2-70B-Chat,0,0,
out_p15_vmath,Llama-2-70B-Chat,1,1,
out_p15_vmath,Llama-2-70B-Chat,2,1,
out_p15_vmath,Llama-2-70B-Chat,3,0,
out_p15_vmath,Llama-2-70B-Chat,4,0,
out_p15_vmath,Llama-2-70B-Chat,5,0,
out_p15_vmath,Llama-2-70B-Chat,6,0,
out_p15_vmath,Llama-2-70B-Chat,7,0,
out_p15_vmath,Llama-2-70B-Chat,8,0,
out_p15_vmath,Llama-2-70B-Chat,9,0,
out_p15_vparametrization,Llama-2-70B-Chat,0,0,
out_p15_vparametrization,Llama-2-70B-Chat,1,0,
out_p15_vparametrization,Llama-2-70B-Chat,2,0,
out_p15_vparametrization,Llama-2-70B-Chat,3,0,
out_p15_vparametrization,Llama-2-70B-Chat,4,0,
out_p15_vparametrization,Llama-2-70B-Chat,5,0,
out_p15_vparametrization,Llama-2-70B-Chat,6,0,
out_p15_vparametrization,Llama-2-70B-Chat,7,0,
out_p15_vparametrization,Llama-2-70B-Chat,8,0,
out_p15_vparametrization,Llama-2-70B-Chat,9,0,
out_p16_vadversarial,Llama-2-70B-Chat,0,0,
out_p16_vadversarial,Llama-2-70B-Chat,1,0,
out_p16_vadversarial,Llama-2-70B-Chat,2,0,
out_p16_vadversarial,Llama-2-70B-Chat,3,0,
out_p16_vadversarial,Llama-2-70B-Chat,4,0,
out_p16_vadversarial,Llama-2-70B-Chat,5,0,
out_p16_vadversarial,Llama-2-70B-Chat,6,0,
out_p16_vadversarial,Llama-2-70B-Chat,7,0,
out_p16_vadversarial,Llama-2-70B-Chat,8,0,
out_p16_vadversarial,Llama-2-70B-Chat,9,0,
out_p16_vcommon,Llama-2-70B-Chat,0,0,
out_p16_vcommon,Llama-2-70B-Chat,1,0,
out_p16_vcommon,Llama-2-70B-Chat,2,0,
out_p16_vcommon,Llama-2-70B-Chat,3,0,
out_p16_vcommon,Llama-2-70B-Chat,4,0,
out_p16_vcommon,Llama-2-70B-Chat,5,0,
out_p16_vcommon,Llama-2-70B-Chat,6,0,
out_p16_vcommon,Llama-2-70B-Chat,7,0,
out_p16_vcommon,Llama-2-70B-Chat,8,0,
out_p16_vcommon,Llama-2-70B-Chat,9,0,
out_p16_vlinguistic_obfuscation,Llama-2-70B-Chat,0,0,
out_p16_vlinguistic_obfuscation,Llama-2-70B-Chat,1,0,
out_p16_vlinguistic_obfuscation,Llama-2-70B-Chat,2,0,
out_p16_vlinguistic_obfuscation,Llama-2-70B-Chat,3,0,
out_p16_vlinguistic_obfuscation,Llama-2-70B-Chat,4,0,
out_p16_vlinguistic_obfuscation,Llama-2-70B-Chat,5,0,
out_p16_vlinguistic_obfuscation,Llama-2-70B-Chat,6,0,
out_p16_vlinguistic_obfuscation,Llama-2-70B-Chat,7,0,
out_p16_vlinguistic_obfuscation,Llama-2-70B-Chat,8,0,
out_p16_vlinguistic_obfuscation,Llama-2-70B-Chat,9,0,
out_p16_vmath,Llama-2-70B-Chat,0,0,
out_p16_vmath,Llama-2-70B-Chat,1,0,
out_p16_vmath,Llama-2-70B-Chat,2,0,
out_p16_vmath,Llama-2-70B-Chat,3,0,
out_p16_vmath,Llama-2-70B-Chat,4,0,
out_p16_vmath,Llama-2-70B-Chat,5,0,
out_p16_vmath,Llama-2-70B-Chat,6,0,
out_p16_vmath,Llama-2-70B-Chat,7,0,
out_p16_vmath,Llama-2-70B-Chat,8,0,
out_p16_vmath,Llama-2-70B-Chat,9,0,
out_p16_vparametrization,Llama-2-70B-Chat,0,0,
out_p16_vparametrization,Llama-2-70B-Chat,1,0,
out_p16_vparametrization,Llama-2-70B-Chat,2,0,
out_p16_vparametrization,Llama-2-70B-Chat,3,0,
out_p16_vparametrization,Llama-2-70B-Chat,4,0,
out_p16_vparametrization,Llama-2-70B-Chat,5,0,
out_p16_vparametrization,Llama-2-70B-Chat,6,0,
out_p16_vparametrization,Llama-2-70B-Chat,7,0,
out_p16_vparametrization,Llama-2-70B-Chat,8,0,
out_p16_vparametrization,Llama-2-70B-Chat,9,0,
out_p17_vadversarial,Llama-2-70B-Chat,0,0,
out_p17_vadversarial,Llama-2-70B-Chat,1,0,
out_p17_vadversarial,Llama-2-70B-Chat,2,0,
out_p17_vadversarial,Llama-2-70B-Chat,3,0,
out_p17_vadversarial,Llama-2-70B-Chat,4,0,
out_p17_vadversarial,Llama-2-70B-Chat,5,0,
out_p17_vadversarial,Llama-2-70B-Chat,6,0,
out_p17_vadversarial,Llama-2-70B-Chat,7,0,
out_p17_vadversarial,Llama-2-70B-Chat,8,0,
out_p17_vadversarial,Llama-2-70B-Chat,9,0,
out_p17_vcommon,Llama-2-70B-Chat,0,0,
out_p17_vcommon,Llama-2-70B-Chat,1,0,
out_p17_vcommon,Llama-2-70B-Chat,2,0,
out_p17_vcommon,Llama-2-70B-Chat,3,0,
out_p17_vcommon,Llama-2-70B-Chat,4,0,
out_p17_vcommon,Llama-2-70B-Chat,5,0,
out_p17_vcommon,Llama-2-70B-Chat,6,0,
out_p17_vcommon,Llama-2-70B-Chat,7,0,
out_p17_vcommon,Llama-2-70B-Chat,8,0,
out_p17_vcommon,Llama-2-70B-Chat,9,0,
out_p17_vlinguistic_obfuscation,Llama-2-70B-Chat,0,0,
out_p17_vlinguistic_obfuscation,Llama-2-70B-Chat,1,0,
out_p17_vlinguistic_obfuscation,Llama-2-70B-Chat,2,0,
out_p17_vlinguistic_obfuscation,Llama-2-70B-Chat,3,0,
out_p17_vlinguistic_obfuscation,Llama-2-70B-Chat,4,0,
out_p17_vlinguistic_obfuscation,Llama-2-70B-Chat,5,0,
out_p17_vlinguistic_obfuscation,Llama-2-70B-Chat,6,0,
out_p17_vlinguistic_obfuscation,Llama-2-70B-Chat,7,0,
out_p17_vlinguistic_obfuscation,Llama-2-70B-Chat,8,0,
out_p17_vlinguistic_obfuscation,Llama-2-70B-Chat,9,0,
out_p17_vmath,Llama-2-70B-Chat,0,0,
out_p17_vmath,Llama-2-70B-Chat,1,0,
out_p17_vmath,Llama-2-70B-Chat,2,0,
out_p17_vmath,Llama-2-70B-Chat,3,0,
out_p17_vmath,Llama-2-70B-Chat,4,0,
out_p17_vmath,Llama-2-70B-Chat,5,0,
out_p17_vmath,Llama-2-70B-Chat,6,0,
out_p17_vmath,Llama-2-70B-Chat,7,0,
out_p17_vmath,Llama-2-70B-Chat,8,0,
out_p17_vmath,Llama-2-70B-Chat,9,0,
out_p17_vparametrization,Llama-2-70B-Chat,0,0,
out_p17_vparametrization,Llama-2-70B-Chat,1,0,
out_p17_vparametrization,Llama-2-70B-Chat,2,0,
out_p17_vparametrization,Llama-2-70B-Chat,3,0,
out_p17_vparametrization,Llama-2-70B-Chat,4,0,
out_p17_vparametrization,Llama-2-70B-Chat,5,0,
out_p17_vparametrization,Llama-2-70B-Chat,6,0,
out_p17_vparametrization,Llama-2-70B-Chat,7,0,
out_p17_vparametrization,Llama-2-70B-Chat,8,0,
out_p17_vparametrization,Llama-2-70B-Chat,9,0,
out_p18_vadversarial,Llama-2-70B-Chat,0,0,
out_p18_vadversarial,Llama-2-70B-Chat,1,0,
out_p18_vadversarial,Llama-2-70B-Chat,2,0,
out_p18_vadversarial,Llama-2-70B-Chat,3,1,
out_p18_vadversarial,Llama-2-70B-Chat,4,0,
out_p18_vadversarial,Llama-2-70B-Chat,5,0,
out_p18_vadversarial,Llama-2-70B-Chat,6,1,
out_p18_vadversarial,Llama-2-70B-Chat,7,1,*
out_p18_vadversarial,Llama-2-70B-Chat,8,0,
out_p18_vadversarial,Llama-2-70B-Chat,9,0,
out_p18_vcommon,Llama-2-70B-Chat,0,1,
out_p18_vcommon,Llama-2-70B-Chat,1,1,
out_p18_vcommon,Llama-2-70B-Chat,2,0,
out_p18_vcommon,Llama-2-70B-Chat,3,1,
out_p18_vcommon,Llama-2-70B-Chat,4,1,
out_p18_vcommon,Llama-2-70B-Chat,5,1,
out_p18_vcommon,Llama-2-70B-Chat,6,1,
out_p18_vcommon,Llama-2-70B-Chat,7,1,
out_p18_vcommon,Llama-2-70B-Chat,8,1,
out_p18_vcommon,Llama-2-70B-Chat,9,1,
out_p18_vlinguistic_obfuscation,Llama-2-70B-Chat,0,0,
out_p18_vlinguistic_obfuscation,Llama-2-70B-Chat,1,0,
out_p18_vlinguistic_obfuscation,Llama-2-70B-Chat,2,0,
out_p18_vlinguistic_obfuscation,Llama-2-70B-Chat,3,0,
out_p18_vlinguistic_obfuscation,Llama-2-70B-Chat,4,0,
out_p18_vlinguistic_obfuscation,Llama-2-70B-Chat,5,0,
out_p18_vlinguistic_obfuscation,Llama-2-70B-Chat,6,0,
out_p18_vlinguistic_obfuscation,Llama-2-70B-Chat,7,0,
out_p18_vlinguistic_obfuscation,Llama-2-70B-Chat,8,0,
out_p18_vlinguistic_obfuscation,Llama-2-70B-Chat,9,0,
out_p18_vmath,Llama-2-70B-Chat,0,0,
out_p18_vmath,Llama-2-70B-Chat,1,0,
out_p18_vmath,Llama-2-70B-Chat,2,0,
out_p18_vmath,Llama-2-70B-Chat,3,1,
out_p18_vmath,Llama-2-70B-Chat,4,0,
out_p18_vmath,Llama-2-70B-Chat,5,0,
out_p18_vmath,Llama-2-70B-Chat,6,0,
out_p18_vmath,Llama-2-70B-Chat,7,0,
out_p18_vmath,Llama-2-70B-Chat,8,1,
out_p18_vmath,Llama-2-70B-Chat,9,1,
out_p18_vparametrization,Llama-2-70B-Chat,0,1,
out_p18_vparametrization,Llama-2-70B-Chat,1,1,
out_p18_vparametrization,Llama-2-70B-Chat,2,1,
out_p18_vparametrization,Llama-2-70B-Chat,3,1,
out_p18_vparametrization,Llama-2-70B-Chat,4,1,
out_p18_vparametrization,Llama-2-70B-Chat,5,1,
out_p18_vparametrization,Llama-2-70B-Chat,6,1,
out_p18_vparametrization,Llama-2-70B-Chat,7,0,
out_p18_vparametrization,Llama-2-70B-Chat,8,1,
out_p18_vparametrization,Llama-2-70B-Chat,9,1,
out_p19_vadversarial,Llama-2-70B-Chat,0,0,
out_p19_vadversarial,Llama-2-70B-Chat,1,0,
out_p19_vadversarial,Llama-2-70B-Chat,2,0,
out_p19_vadversarial,Llama-2-70B-Chat,3,0,
out_p19_vadversarial,Llama-2-70B-Chat,4,0,
out_p19_vadversarial,Llama-2-70B-Chat,5,1,
out_p19_vadversarial,Llama-2-70B-Chat,6,0,
out_p19_vadversarial,Llama-2-70B-Chat,7,0,
out_p19_vadversarial,Llama-2-70B-Chat,8,0,
out_p19_vadversarial,Llama-2-70B-Chat,9,0,
out_p19_vcommon,Llama-2-70B-Chat,0,0,
out_p19_vcommon,Llama-2-70B-Chat,1,0,
out_p19_vcommon,Llama-2-70B-Chat,2,0,
out_p19_vcommon,Llama-2-70B-Chat,3,0,
out_p19_vcommon,Llama-2-70B-Chat,4,0,
out_p19_vcommon,Llama-2-70B-Chat,5,0,
out_p19_vcommon,Llama-2-70B-Chat,6,0,
out_p19_vcommon,Llama-2-70B-Chat,7,0,
out_p19_vcommon,Llama-2-70B-Chat,8,0,
out_p19_vcommon,Llama-2-70B-Chat,9,0,
out_p19_vlinguistic_obfuscation,Llama-2-70B-Chat,0,0,
out_p19_vlinguistic_obfuscation,Llama-2-70B-Chat,1,0,
out_p19_vlinguistic_obfuscation,Llama-2-70B-Chat,2,0,
out_p19_vlinguistic_obfuscation,Llama-2-70B-Chat,3,0,
out_p19_vlinguistic_obfuscation,Llama-2-70B-Chat,4,0,
out_p19_vlinguistic_obfuscation,Llama-2-70B-Chat,5,0,
out_p19_vlinguistic_obfuscation,Llama-2-70B-Chat,6,0,
out_p19_vlinguistic_obfuscation,Llama-2-70B-Chat,7,0,
out_p19_vlinguistic_obfuscation,Llama-2-70B-Chat,8,0,
out_p19_vlinguistic_obfuscation,Llama-2-70B-Chat,9,0,
out_p19_vmath,Llama-2-70B-Chat,0,0,
out_p19_vmath,Llama-2-70B-Chat,1,0,
out_p19_vmath,Llama-2-70B-Chat,2,1,
out_p19_vmath,Llama-2-70B-Chat,3,0,
out_p19_vmath,Llama-2-70B-Chat,4,1,
out_p19_vmath,Llama-2-70B-Chat,5,1,
out_p19_vmath,Llama-2-70B-Chat,6,0,
out_p19_vmath,Llama-2-70B-Chat,7,0,
out_p19_vmath,Llama-2-70B-Chat,8,0,
out_p19_vmath,Llama-2-70B-Chat,9,0,
out_p19_vparametrization,Llama-2-70B-Chat,0,0,
out_p19_vparametrization,Llama-2-70B-Chat,1,0,
out_p19_vparametrization,Llama-2-70B-Chat,2,0,
out_p19_vparametrization,Llama-2-70B-Chat,3,0,
out_p19_vparametrization,Llama-2-70B-Chat,4,0,
out_p19_vparametrization,Llama-2-70B-Chat,5,0,
out_p19_vparametrization,Llama-2-70B-Chat,6,0,
out_p19_vparametrization,Llama-2-70B-Chat,7,0,
out_p19_vparametrization,Llama-2-70B-Chat,8,0,
out_p19_vparametrization,Llama-2-70B-Chat,9,0,
out_p20_vadversarial,Llama-2-70B-Chat,0,0,
out_p20_vadversarial,Llama-2-70B-Chat,1,0,
out_p20_vadversarial,Llama-2-70B-Chat,2,0,
out_p20_vadversarial,Llama-2-70B-Chat,3,0,
out_p20_vadversarial,Llama-2-70B-Chat,4,0,
out_p20_vadversarial,Llama-2-70B-Chat,5,0,
out_p20_vadversarial,Llama-2-70B-Chat,6,0,
out_p20_vadversarial,Llama-2-70B-Chat,7,0,
out_p20_vadversarial,Llama-2-70B-Chat,8,0,
out_p20_vadversarial,Llama-2-70B-Chat,9,0,
out_p20_vcommon,Llama-2-70B-Chat,0,0,
out_p20_vcommon,Llama-2-70B-Chat,1,0,
out_p20_vcommon,Llama-2-70B-Chat,2,0,
out_p20_vcommon,Llama-2-70B-Chat,3,0,
out_p20_vcommon,Llama-2-70B-Chat,4,0,
out_p20_vcommon,Llama-2-70B-Chat,5,0,
out_p20_vcommon,Llama-2-70B-Chat,6,0,
out_p20_vcommon,Llama-2-70B-Chat,7,0,
out_p20_vcommon,Llama-2-70B-Chat,8,0,
out_p20_vcommon,Llama-2-70B-Chat,9,0,
out_p20_vlinguistic_obfuscation,Llama-2-70B-Chat,0,0,
out_p20_vlinguistic_obfuscation,Llama-2-70B-Chat,1,0,
out_p20_vlinguistic_obfuscation,Llama-2-70B-Chat,2,0,
out_p20_vlinguistic_obfuscation,Llama-2-70B-Chat,3,0,
out_p20_vlinguistic_obfuscation,Llama-2-70B-Chat,4,0,
out_p20_vlinguistic_obfuscation,Llama-2-70B-Chat,5,0,
out_p20_vlinguistic_obfuscation,Llama-2-70B-Chat,6,0,
out_p20_vlinguistic_obfuscation,Llama-2-70B-Chat,7,0,
out_p20_vlinguistic_obfuscation,Llama-2-70B-Chat,8,0,
out_p20_vlinguistic_obfuscation,Llama-2-70B-Chat,9,0,
out_p20_vmath,Llama-2-70B-Chat,0,0,
out_p20_vmath,Llama-2-70B-Chat,1,0,
out_p20_vmath,Llama-2-70B-Chat,2,0,
out_p20_vmath,Llama-2-70B-Chat,3,0,
out_p20_vmath,Llama-2-70B-Chat,4,0,
out_p20_vmath,Llama-2-70B-Chat,5,0,
out_p20_vmath,Llama-2-70B-Chat,6,0,
out_p20_vmath,Llama-2-70B-Chat,7,0,
out_p20_vmath,Llama-2-70B-Chat,8,0,
out_p20_vmath,Llama-2-70B-Chat,9,0,
out_p20_vparametrization,Llama-2-70B-Chat,0,0,
out_p20_vparametrization,Llama-2-70B-Chat,1,0,
out_p20_vparametrization,Llama-2-70B-Chat,2,0,
out_p20_vparametrization,Llama-2-70B-Chat,3,0,
out_p20_vparametrization,Llama-2-70B-Chat,4,0,
out_p20_vparametrization,Llama-2-70B-Chat,5,0,
out_p20_vparametrization,Llama-2-70B-Chat,6,0,
out_p20_vparametrization,Llama-2-70B-Chat,7,0,
out_p20_vparametrization,Llama-2-70B-Chat,8,0,
out_p20_vparametrization,Llama-2-70B-Chat,9,0,
out_p21_vadversarial,Llama-2-70B-Chat,0,0,
out_p21_vadversarial,Llama-2-70B-Chat,1,0,
out_p21_vadversarial,Llama-2-70B-Chat,2,0,
out_p21_vadversarial,Llama-2-70B-Chat,3,0,
out_p21_vadversarial,Llama-2-70B-Chat,4,1,
out_p21_vadversarial,Llama-2-70B-Chat,5,0,
out_p21_vadversarial,Llama-2-70B-Chat,6,0,
out_p21_vadversarial,Llama-2-70B-Chat,7,1,
out_p21_vadversarial,Llama-2-70B-Chat,8,0,
out_p21_vadversarial,Llama-2-70B-Chat,9,0,
out_p21_vcommon,Llama-2-70B-Chat,0,1,
out_p21_vcommon,Llama-2-70B-Chat,1,1,
out_p21_vcommon,Llama-2-70B-Chat,2,1,
out_p21_vcommon,Llama-2-70B-Chat,3,0,
out_p21_vcommon,Llama-2-70B-Chat,4,0,
out_p21_vcommon,Llama-2-70B-Chat,5,0,
out_p21_vcommon,Llama-2-70B-Chat,6,0,
out_p21_vcommon,Llama-2-70B-Chat,7,0,
out_p21_vcommon,Llama-2-70B-Chat,8,1,
out_p21_vcommon,Llama-2-70B-Chat,9,0,
out_p21_vlinguistic_obfuscation,Llama-2-70B-Chat,0,0,
out_p21_vlinguistic_obfuscation,Llama-2-70B-Chat,1,0,
out_p21_vlinguistic_obfuscation,Llama-2-70B-Chat,2,0,
out_p21_vlinguistic_obfuscation,Llama-2-70B-Chat,3,0,
out_p21_vlinguistic_obfuscation,Llama-2-70B-Chat,4,0,
out_p21_vlinguistic_obfuscation,Llama-2-70B-Chat,5,0,
out_p21_vlinguistic_obfuscation,Llama-2-70B-Chat,6,0,
out_p21_vlinguistic_obfuscation,Llama-2-70B-Chat,7,0,
out_p21_vlinguistic_obfuscation,Llama-2-70B-Chat,8,0,
out_p21_vlinguistic_obfuscation,Llama-2-70B-Chat,9,0,
out_p21_vmath,Llama-2-70B-Chat,0,1,
out_p21_vmath,Llama-2-70B-Chat,1,1,
out_p21_vmath,Llama-2-70B-Chat,2,0,
out_p21_vmath,Llama-2-70B-Chat,3,1,
out_p21_vmath,Llama-2-70B-Chat,4,1,
out_p21_vmath,Llama-2-70B-Chat,5,1,
out_p21_vmath,Llama-2-70B-Chat,6,1,
out_p21_vmath,Llama-2-70B-Chat,7,1,
out_p21_vmath,Llama-2-70B-Chat,8,1,
out_p21_vmath,Llama-2-70B-Chat,9,1,
out_p21_vparametrization,Llama-2-70B-Chat,0,1,
out_p21_vparametrization,Llama-2-70B-Chat,1,0,
out_p21_vparametrization,Llama-2-70B-Chat,2,1,
out_p21_vparametrization,Llama-2-70B-Chat,3,1,
out_p21_vparametrization,Llama-2-70B-Chat,4,1,
out_p21_vparametrization,Llama-2-70B-Chat,5,0,
out_p21_vparametrization,Llama-2-70B-Chat,6,1,
out_p21_vparametrization,Llama-2-70B-Chat,7,0,
out_p21_vparametrization,Llama-2-70B-Chat,8,1,
out_p21_vparametrization,Llama-2-70B-Chat,9,0,
out_p22_vadversarial,Llama-2-70B-Chat,0,0,*
out_p22_vadversarial,Llama-2-70B-Chat,1,1,
out_p22_vadversarial,Llama-2-70B-Chat,2,1,
out_p22_vadversarial,Llama-2-70B-Chat,3,0,
out_p22_vadversarial,Llama-2-70B-Chat,4,1,
out_p22_vadversarial,Llama-2-70B-Chat,5,0,
out_p22_vadversarial,Llama-2-70B-Chat,6,0,
out_p22_vadversarial,Llama-2-70B-Chat,7,0,
out_p22_vadversarial,Llama-2-70B-Chat,8,0,
out_p22_vadversarial,Llama-2-70B-Chat,9,0,
out_p22_vcommon,Llama-2-70B-Chat,0,0,
out_p22_vcommon,Llama-2-70B-Chat,1,0,
out_p22_vcommon,Llama-2-70B-Chat,2,0,
out_p22_vcommon,Llama-2-70B-Chat,3,0,
out_p22_vcommon,Llama-2-70B-Chat,4,0,
out_p22_vcommon,Llama-2-70B-Chat,5,0,
out_p22_vcommon,Llama-2-70B-Chat,6,0,
out_p22_vcommon,Llama-2-70B-Chat,7,0,
out_p22_vcommon,Llama-2-70B-Chat,8,0,
out_p22_vcommon,Llama-2-70B-Chat,9,0,
out_p22_vlinguistic_obfuscation,Llama-2-70B-Chat,0,0,
out_p22_vlinguistic_obfuscation,Llama-2-70B-Chat,1,0,
out_p22_vlinguistic_obfuscation,Llama-2-70B-Chat,2,0,
out_p22_vlinguistic_obfuscation,Llama-2-70B-Chat,3,0,
out_p22_vlinguistic_obfuscation,Llama-2-70B-Chat,4,0,
out_p22_vlinguistic_obfuscation,Llama-2-70B-Chat,5,0,
out_p22_vlinguistic_obfuscation,Llama-2-70B-Chat,6,1,
out_p22_vlinguistic_obfuscation,Llama-2-70B-Chat,7,0,
out_p22_vlinguistic_obfuscation,Llama-2-70B-Chat,8,0,
out_p22_vlinguistic_obfuscation,Llama-2-70B-Chat,9,1,
out_p22_vmath,Llama-2-70B-Chat,0,0,
out_p22_vmath,Llama-2-70B-Chat,1,0,
out_p22_vmath,Llama-2-70B-Chat,2,0,
out_p22_vmath,Llama-2-70B-Chat,3,1,
out_p22_vmath,Llama-2-70B-Chat,4,0,
out_p22_vmath,Llama-2-70B-Chat,5,1,
out_p22_vmath,Llama-2-70B-Chat,6,1,
out_p22_vmath,Llama-2-70B-Chat,7,0,
out_p22_vmath,Llama-2-70B-Chat,8,0,
out_p22_vmath,Llama-2-70B-Chat,9,0,
out_p22_vparametrization,Llama-2-70B-Chat,0,0,
out_p22_vparametrization,Llama-2-70B-Chat,1,0,
out_p22_vparametrization,Llama-2-70B-Chat,2,1,
out_p22_vparametrization,Llama-2-70B-Chat,3,1,
out_p22_vparametrization,Llama-2-70B-Chat,4,1,
out_p22_vparametrization,Llama-2-70B-Chat,5,1,
out_p22_vparametrization,Llama-2-70B-Chat,6,1,
out_p22_vparametrization,Llama-2-70B-Chat,7,0,
out_p22_vparametrization,Llama-2-70B-Chat,8,1,
out_p22_vparametrization,Llama-2-70B-Chat,9,1,
out_p23_vadversarial,Llama-2-70B-Chat,0,0,
out_p23_vadversarial,Llama-2-70B-Chat,1,1,
out_p23_vadversarial,Llama-2-70B-Chat,2,0,
out_p23_vadversarial,Llama-2-70B-Chat,3,1,
out_p23_vadversarial,Llama-2-70B-Chat,4,1,
out_p23_vadversarial,Llama-2-70B-Chat,5,0,
out_p23_vadversarial,Llama-2-70B-Chat,6,1,
out_p23_vadversarial,Llama-2-70B-Chat,7,1,
out_p23_vadversarial,Llama-2-70B-Chat,8,1,
out_p23_vadversarial,Llama-2-70B-Chat,9,1,
out_p23_vcommon,Llama-2-70B-Chat,0,1,
out_p23_vcommon,Llama-2-70B-Chat,1,1,
out_p23_vcommon,Llama-2-70B-Chat,2,1,
out_p23_vcommon,Llama-2-70B-Chat,3,1,
out_p23_vcommon,Llama-2-70B-Chat,4,1,
out_p23_vcommon,Llama-2-70B-Chat,5,1,
out_p23_vcommon,Llama-2-70B-Chat,6,0,
out_p23_vcommon,Llama-2-70B-Chat,7,1,
out_p23_vcommon,Llama-2-70B-Chat,8,0,
out_p23_vcommon,Llama-2-70B-Chat,9,0,
out_p23_vlinguistic_obfuscation,Llama-2-70B-Chat,0,0,
out_p23_vlinguistic_obfuscation,Llama-2-70B-Chat,1,0,
out_p23_vlinguistic_obfuscation,Llama-2-70B-Chat,2,0,
out_p23_vlinguistic_obfuscation,Llama-2-70B-Chat,3,0,
out_p23_vlinguistic_obfuscation,Llama-2-70B-Chat,4,0,
out_p23_vlinguistic_obfuscation,Llama-2-70B-Chat,5,0,
out_p23_vlinguistic_obfuscation,Llama-2-70B-Chat,6,0,
out_p23_vlinguistic_obfuscation,Llama-2-70B-Chat,7,0,
out_p23_vlinguistic_obfuscation,Llama-2-70B-Chat,8,0,
out_p23_vlinguistic_obfuscation,Llama-2-70B-Chat,9,0,
out_p23_vmath,Llama-2-70B-Chat,0,0,
out_p23_vmath,Llama-2-70B-Chat,1,0,
out_p23_vmath,Llama-2-70B-Chat,2,0,
out_p23_vmath,Llama-2-70B-Chat,3,0,
out_p23_vmath,Llama-2-70B-Chat,4,0,
out_p23_vmath,Llama-2-70B-Chat,5,0,
out_p23_vmath,Llama-2-70B-Chat,6,0,
out_p23_vmath,Llama-2-70B-Chat,7,0,
out_p23_vmath,Llama-2-70B-Chat,8,0,
out_p23_vmath,Llama-2-70B-Chat,9,0,
out_p23_vparametrization,Llama-2-70B-Chat,0,1,
out_p23_vparametrization,Llama-2-70B-Chat,1,0,
out_p23_vparametrization,Llama-2-70B-Chat,2,0,
out_p23_vparametrization,Llama-2-70B-Chat,3,1,
out_p23_vparametrization,Llama-2-70B-Chat,4,1,
out_p23_vparametrization,Llama-2-70B-Chat,5,1,
out_p23_vparametrization,Llama-2-70B-Chat,6,0,
out_p23_vparametrization,Llama-2-70B-Chat,7,0,
out_p23_vparametrization,Llama-2-70B-Chat,8,1,
out_p23_vparametrization,Llama-2-70B-Chat,9,0,
out_p24_vadversarial,Llama-2-70B-Chat,0,1,
out_p24_vadversarial,Llama-2-70B-Chat,1,1,
out_p24_vadversarial,Llama-2-70B-Chat,2,0,
out_p24_vadversarial,Llama-2-70B-Chat,3,1,
out_p24_vadversarial,Llama-2-70B-Chat,4,1,
out_p24_vadversarial,Llama-2-70B-Chat,5,1,
out_p24_vadversarial,Llama-2-70B-Chat,6,1,
out_p24_vadversarial,Llama-2-70B-Chat,7,0,
out_p24_vadversarial,Llama-2-70B-Chat,8,1,
out_p24_vadversarial,Llama-2-70B-Chat,9,1,
out_p24_vcommon,Llama-2-70B-Chat,0,1,
out_p24_vcommon,Llama-2-70B-Chat,1,1,
out_p24_vcommon,Llama-2-70B-Chat,2,1,
out_p24_vcommon,Llama-2-70B-Chat,3,1,
out_p24_vcommon,Llama-2-70B-Chat,4,1,
out_p24_vcommon,Llama-2-70B-Chat,5,1,
out_p24_vcommon,Llama-2-70B-Chat,6,1,
out_p24_vcommon,Llama-2-70B-Chat,7,1,
out_p24_vcommon,Llama-2-70B-Chat,8,1,
out_p24_vcommon,Llama-2-70B-Chat,9,1,
out_p24_vlinguistic_obfuscation,Llama-2-70B-Chat,0,0,
out_p24_vlinguistic_obfuscation,Llama-2-70B-Chat,1,0,
out_p24_vlinguistic_obfuscation,Llama-2-70B-Chat,2,0,
out_p24_vlinguistic_obfuscation,Llama-2-70B-Chat,3,1,
out_p24_vlinguistic_obfuscation,Llama-2-70B-Chat,4,1,
out_p24_vlinguistic_obfuscation,Llama-2-70B-Chat,5,1,
out_p24_vlinguistic_obfuscation,Llama-2-70B-Chat,6,1,
out_p24_vlinguistic_obfuscation,Llama-2-70B-Chat,7,1,
out_p24_vlinguistic_obfuscation,Llama-2-70B-Chat,8,1,
out_p24_vlinguistic_obfuscation,Llama-2-70B-Chat,9,1,
out_p24_vmath,Llama-2-70B-Chat,0,1,
out_p24_vmath,Llama-2-70B-Chat,1,0,
out_p24_vmath,Llama-2-70B-Chat,2,1,
out_p24_vmath,Llama-2-70B-Chat,3,1,
out_p24_vmath,Llama-2-70B-Chat,4,1,
out_p24_vmath,Llama-2-70B-Chat,5,0,
out_p24_vmath,Llama-2-70B-Chat,6,1,
out_p24_vmath,Llama-2-70B-Chat,7,0,
out_p24_vmath,Llama-2-70B-Chat,8,0,
out_p24_vmath,Llama-2-70B-Chat,9,0,
out_p24_vparametrization,Llama-2-70B-Chat,0,0,
out_p24_vparametrization,Llama-2-70B-Chat,1,0,
out_p24_vparametrization,Llama-2-70B-Chat,2,1,
out_p24_vparametrization,Llama-2-70B-Chat,3,1,
out_p24_vparametrization,Llama-2-70B-Chat,4,0,
out_p24_vparametrization,Llama-2-70B-Chat,5,1,
out_p24_vparametrization,Llama-2-70B-Chat,6,0,
out_p24_vparametrization,Llama-2-70B-Chat,7,1,
out_p24_vparametrization,Llama-2-70B-Chat,8,0,
out_p24_vparametrization,Llama-2-70B-Chat,9,0,
out_p25_vadversarial,Llama-2-70B-Chat,0,0,
out_p25_vadversarial,Llama-2-70B-Chat,1,0,
out_p25_vadversarial,Llama-2-70B-Chat,2,0,
out_p25_vadversarial,Llama-2-70B-Chat,3,0,
out_p25_vadversarial,Llama-2-70B-Chat,4,0,
out_p25_vadversarial,Llama-2-70B-Chat,5,0,
out_p25_vadversarial,Llama-2-70B-Chat,6,0,
out_p25_vadversarial,Llama-2-70B-Chat,7,0,
out_p25_vadversarial,Llama-2-70B-Chat,8,0,
out_p25_vadversarial,Llama-2-70B-Chat,9,0,
out_p25_vcommon,Llama-2-70B-Chat,0,0,
out_p25_vcommon,Llama-2-70B-Chat,1,0,
out_p25_vcommon,Llama-2-70B-Chat,2,0,
out_p25_vcommon,Llama-2-70B-Chat,3,0,
out_p25_vcommon,Llama-2-70B-Chat,4,0,
out_p25_vcommon,Llama-2-70B-Chat,5,0,
out_p25_vcommon,Llama-2-70B-Chat,6,0,
out_p25_vcommon,Llama-2-70B-Chat,7,0,
out_p25_vcommon,Llama-2-70B-Chat,8,0,
out_p25_vcommon,Llama-2-70B-Chat,9,0,
out_p25_vlinguistic_obfuscation,Llama-2-70B-Chat,0,0,
out_p25_vlinguistic_obfuscation,Llama-2-70B-Chat,1,0,
out_p25_vlinguistic_obfuscation,Llama-2-70B-Chat,2,0,
out_p25_vlinguistic_obfuscation,Llama-2-70B-Chat,3,0,
out_p25_vlinguistic_obfuscation,Llama-2-70B-Chat,4,0,
out_p25_vlinguistic_obfuscation,Llama-2-70B-Chat,5,0,
out_p25_vlinguistic_obfuscation,Llama-2-70B-Chat,6,0,
out_p25_vlinguistic_obfuscation,Llama-2-70B-Chat,7,0,
out_p25_vlinguistic_obfuscation,Llama-2-70B-Chat,8,0,
out_p25_vlinguistic_obfuscation,Llama-2-70B-Chat,9,0,
out_p25_vmath,Llama-2-70B-Chat,0,0,
out_p25_vmath,Llama-2-70B-Chat,1,0,
out_p25_vmath,Llama-2-70B-Chat,2,0,
out_p25_vmath,Llama-2-70B-Chat,3,0,
out_p25_vmath,Llama-2-70B-Chat,4,0,
out_p25_vmath,Llama-2-70B-Chat,5,0,
out_p25_vmath,Llama-2-70B-Chat,6,0,
out_p25_vmath,Llama-2-70B-Chat,7,0,
out_p25_vmath,Llama-2-70B-Chat,8,0,
out_p25_vmath,Llama-2-70B-Chat,9,0,
out_p25_vparametrization,Llama-2-70B-Chat,0,0,
out_p25_vparametrization,Llama-2-70B-Chat,1,0,
out_p25_vparametrization,Llama-2-70B-Chat,2,0,
out_p25_vparametrization,Llama-2-70B-Chat,3,0,
out_p25_vparametrization,Llama-2-70B-Chat,4,0,
out_p25_vparametrization,Llama-2-70B-Chat,5,0,
out_p25_vparametrization,Llama-2-70B-Chat,6,0,
out_p25_vparametrization,Llama-2-70B-Chat,7,0,
out_p25_vparametrization,Llama-2-70B-Chat,8,0,
out_p25_vparametrization,Llama-2-70B-Chat,9,0,
